secid,date,close,volume,return
108105,20120904,1404.94,0,-0.001166
108105,20120905,1403.44,0,-0.001068
108105,20120906,1432.12,0,0.020436
108105,20120907,1437.92,0,0.00405
108105,20120910,1429.08,0,-0.006148
108105,20120911,1433.56,0,0.003135
108105,20120912,1436.56,0,0.002093
108105,20120913,1459.99,0,0.01631
108105,20120914,1465.77,0,0.003959
108105,20120917,1461.19,0,-0.003125
108105,20120918,1459.32,0,-0.00128
108105,20120919,1461.05,0,0.001186
108105,20120920,1460.26,0,-0.000541
108105,20120921,1460.15,0,-0.000075
108105,20120924,1456.89,0,-0.002233
108105,20120925,1441.59,0,-0.010502
108105,20120926,1433.32,0,-0.005737
108105,20120927,1447.15,0,0.009649
108105,20120928,1440.67,0,0.000891
108105,20121001,1444.49,0,0.002652
108105,20121002,1445.75,0,0.000872
108105,20121003,1450.99,0,0.003624
108105,20121004,1461.4,0,0.007174
108105,20121005,1460.93,0,-0.000322
108105,20121008,1455.88,0,-0.003457
108105,20121009,1441.48,0,-0.009891
108105,20121010,1432.56,0,-0.006188
108105,20121011,1432.84,0,0.000195
108105,20121012,1428.59,0,-0.002966
108105,20121015,1440.13,0,0.008078
108105,20121016,1454.92,0,0.01027
108105,20121017,1460.91,0,0.004117
108105,20121018,1457.34,0,-0.002444
108105,20121019,1433.19,0,-0.016571
108105,20121022,1433.82,0,0.00044
108105,20121023,1413.11,0,-0.014444
108105,20121024,1408.75,0,-0.003085
108105,20121025,1412.97,0,0.002996
108105,20121026,1411.94,0,-0.000729
108105,20121031,1412.16,0,0.000156
108105,20121101,1427.59,0,0.010926
108105,20121102,1414.2,0,-0.009379
108105,20121105,1417.26,0,0.002164
108105,20121106,1428.39,0,0.007853
108105,20121107,1394.53,0,-0.023705
108105,20121108,1377.51,0,-0.012205
108105,20121109,1379.85,0,0.001699
108105,20121112,1380.03,0,0.00013
108105,20121113,1374.53,0,-0.003985
108105,20121114,1355.49,0,-0.013852
108105,20121115,1353.33,0,-0.001594
108105,20121116,1359.88,0,0.00484
108105,20121119,1386.89,0,0.019862
108105,20121120,1387.81,0,0.000663
108105,20121121,1391.03,0,0.00232
108105,20121123,1409.15,0,0.013026
108105,20121126,1406.29,0,-0.00203
108105,20121127,1398.94,0,-0.005227
108105,20121128,1409.93,0,0.007856
108105,20121129,1415.95,0,0.00427
108105,20121130,1416.18,0,0.000163
108105,20121203,1409.46,0,-0.004745
108105,20121204,1407.05,0,-0.00171
108105,20121205,1409.28,0,0.001585
108105,20121206,1413.94,0,0.003307
108105,20121207,1418.07,0,0.002921
108105,20121210,1418.55,0,0.000339
108105,20121211,1427.84,0,0.006549
108105,20121212,1428.48,0,0.000448
108105,20121213,1419.45,0,-0.006321
108105,20121214,1413.58,0,-0.004135
108105,20121217,1430.36,0,0.011871
108105,20121218,1446.79,0,0.011487
108105,20121219,1435.81,0,-0.007589
108105,20121220,1443.69,0,0.005488
108105,20121221,1430.15,0,-0.009379
108105,20121224,1426.66,0,-0.00244
108105,20121226,1419.83,0,-0.004787
108105,20121227,1418.1,0,-0.001218
108105,20121228,1402.43,0,-0.01105
108105,20121231,1426.19,0,0.023317
108105,20130102,1462.42,0,0.025403
108105,20130103,1459.37,0,-0.002086
108105,20130104,1466.47,0,0.004865
108105,20130107,1461.89,0,-0.003123
108105,20130108,1457.15,0,-0.003242
108105,20130109,1461.02,0,0.002656
108105,20130110,1472.12,0,0.007597
108105,20130111,1472.05,0,-0.000048
108105,20130114,1470.68,0,-0.000931
108105,20130115,1472.34,0,0.001129
108105,20130116,1472.63,0,0.000197
108105,20130117,1480.94,0,0.005643
108105,20130118,1485.98,0,0.003403
108105,20130122,1492.56,0,0.004428
108105,20130123,1494.81,0,0.001507
108105,20130124,1494.82,0,7E-6
108105,20130125,1502.96,0,0.005445
108105,20130128,1500.18,0,-0.00185
108105,20130129,1507.84,0,0.005106
108105,20130130,1501.96,0,-0.0039
108105,20130131,1498.11,0,-0.002563
108105,20130201,1513.17,0,0.010053
108105,20130204,1495.71,0,-0.011539
108105,20130205,1511.29,0,0.010417
108105,20130206,1512.12,0,0.000549
108105,20130207,1509.39,0,-0.001805
108105,20130208,1517.93,0,0.005658
108105,20130211,1517.01,0,-0.000606
108105,20130212,1519.43,0,0.001595
108105,20130213,1520.33,0,0.000592
108105,20130214,1521.38,0,0.000691
108105,20130215,1519.79,0,-0.001045
108105,20130219,1530.94,0,0.007336
108105,20130220,1511.95,0,-0.012404
108105,20130221,1502.42,0,-0.006303
108105,20130222,1515.6,0,0.008772
108105,20130225,1487.85,0,-0.01831
108105,20130226,1496.94,0,0.006109
108105,20130227,1515.99,0,0.012726
108105,20130228,1514.68,0,-0.000864
108105,20130301,1518.2,0,0.002324
108105,20130304,1525.2,0,0.004611
108105,20130305,1539.79,0,0.009566
108105,20130306,1541.46,0,0.001085
108105,20130307,1544.26,0,0.001816
108105,20130308,1551.18,0,0.004481
108105,20130311,1556.22,0,0.003249
108105,20130312,1552.48,0,-0.002403
108105,20130313,1554.52,0,0.001314
108105,20130314,1563.23,0,0.005603
108105,20130315,1560.7,0,-0.001618
108105,20130318,1552.1,0,-0.00551
108105,20130319,1548.34,0,-0.002423
108105,20130320,1558.71,0,0.006697
108105,20130321,1545.8,0,-0.008282
108105,20130322,1556.89,0,0.007174
108105,20130325,1551.69,0,-0.00334
108105,20130326,1563.77,0,0.007785
108105,20130327,1562.85,0,-0.000588
108105,20130328,1569.19,0,0.009144
108105,20130401,1562.17,0,-0.004474
108105,20130402,1570.25,0,0.005172
108105,20130403,1553.69,0,-0.010546
108105,20130404,1559.98,0,0.004048
108105,20130405,1553.28,0,-0.004295
108105,20130408,1563.07,0,0.006303
108105,20130409,1568.61,0,0.003544
108105,20130410,1587.73,0,0.012189
108105,20130411,1593.37,0,0.003552
108105,20130412,1588.85,0,-0.002837
108105,20130415,1552.36,0,-0.022966
108105,20130416,1574.57,0,0.014307
108105,20130417,1552.01,0,-0.014328
108105,20130418,1541.61,0,-0.006701
108105,20130419,1555.25,0,0.008848
108105,20130422,1562.5,0,0.004662
108105,20130423,1578.78,0,0.010419
108105,20130424,1578.79,0,6E-6
108105,20130425,1585.16,0,0.004035
108105,20130426,1582.24,0,-0.001842
108105,20130429,1593.61,0,0.007186
108105,20130430,1597.57,0,0.002485
108105,20130501,1582.7,0,-0.009308
108105,20130502,1597.59,0,0.009408
108105,20130503,1614.42,0,0.010535
108105,20130506,1617.5,0,0.001908
108105,20130507,1625.96,0,0.00523
108105,20130508,1632.69,0,0.004139
108105,20130509,1626.67,0,-0.003687
108105,20130510,1633.7,0,0.004322
108105,20130513,1633.77,0,0.000043
108105,20130514,1650.34,0,0.010142
108105,20130515,1658.78,0,0.005114
108105,20130516,1650.47,0,-0.00501
108105,20130517,1667.47,0,0.0103
108105,20130520,1666.29,0,-0.000708
108105,20130521,1669.16,0,0.001722
108105,20130522,1655.35,0,-0.008274
108105,20130523,1650.51,0,-0.002924
108105,20130524,1649.6,0,-0.000551
108105,20130528,1660.06,0,0.006341
108105,20130529,1648.36,0,-0.007048
108105,20130530,1654.41,0,0.00367
108105,20130531,1630.74,0,-0.014307
108105,20130603,1640.42,0,0.005936
108105,20130604,1631.38,0,-0.005511
108105,20130605,1608.9,0,-0.01378
108105,20130606,1622.56,0,0.00849
108105,20130607,1643.38,0,0.012832
108105,20130610,1642.81,0,-0.000347
108105,20130611,1626.13,0,-0.010153
108105,20130612,1612.52,0,-0.00837
108105,20130613,1636.36,0,0.014784
108105,20130614,1626.73,0,-0.005885
108105,20130617,1639.04,0,0.007567
108105,20130618,1651.81,0,0.007791
108105,20130619,1628.93,0,-0.013851
108105,20130620,1588.19,0,-0.02501
108105,20130621,1592.43,0,0.00267
108105,20130624,1573.09,0,-0.012145
108105,20130625,1588.03,0,0.009497
108105,20130626,1603.26,0,0.00959
108105,20130627,1613.2,0,0.0062
108105,20130628,1606.28,0,0.001048
108105,20130701,1614.96,0,0.005404
108105,20130702,1614.08,0,-0.000545
108105,20130703,1615.41,0,0.000824
108105,20130705,1631.89,0,0.010202
108105,20130708,1640.46,0,0.005252
108105,20130709,1652.32,0,0.00723
108105,20130710,1652.62,0,0.000182
108105,20130711,1675.02,0,0.013554
108105,20130712,1680.19,0,0.003086
108105,20130715,1682.5,0,0.001375
108105,20130716,1676.26,0,-0.003709
108105,20130717,1680.91,0,0.002774
108105,20130718,1689.37,0,0.005033
108105,20130719,1692.09,0,0.00161
108105,20130722,1695.53,0,0.002033
108105,20130723,1692.39,0,-0.001852
108105,20130724,1685.94,0,-0.003811
108105,20130725,1690.25,0,0.002556
108105,20130726,1691.65,0,0.000828
108105,20130729,1685.33,0,-0.003736
108105,20130730,1685.96,0,0.000374
108105,20130731,1685.73,0,-0.000136
108105,20130801,1706.87,0,0.012541
108105,20130802,1709.67,0,0.00164
108105,20130805,1707.14,0,-0.00148
108105,20130806,1697.37,0,-0.005723
108105,20130807,1690.91,0,-0.003806
108105,20130808,1697.48,0,0.003885
108105,20130809,1691.42,0,-0.00357
108105,20130812,1689.47,0,-0.001153
108105,20130813,1694.16,0,0.002776
108105,20130814,1685.39,0,-0.005177
108105,20130815,1661.32,0,-0.014282
108105,20130816,1655.83,0,-0.003305
108105,20130819,1646.06,0,-0.0059
108105,20130820,1652.35,0,0.003821
108105,20130821,1642.8,0,-0.00578
108105,20130822,1656.96,0,0.008619
108105,20130823,1663.5,0,0.003947
108105,20130826,1656.78,0,-0.00404
108105,20130827,1630.48,0,-0.015874
108105,20130828,1634.96,0,0.002748
108105,20130829,1638.17,0,0.001963
108105,20130830,1632.97,0,-0.003174
108105,20130903,1639.77,0,0.004164
108105,20130904,1653.08,0,0.008117
108105,20130905,1655.08,0,0.00121
108105,20130906,1655.17,0,0.000054
108105,20130909,1671.71,0,0.009993
108105,20130910,1683.99,0,0.007346
108105,20130911,1689.13,0,0.003052
108105,20130912,1683.42,0,-0.00338
108105,20130913,1687.99,0,0.002715
108105,20130916,1697.6,0,0.005693
108105,20130917,1704.76,0,0.004218
108105,20130918,1725.52,0,0.012178
108105,20130919,1722.34,0,-0.001843
108105,20130920,1709.91,0,-0.007217
108105,20130923,1701.84,0,-0.00472
108105,20130924,1697.42,0,-0.002597
108105,20130925,1692.77,0,-0.002739
108105,20130926,1698.67,0,0.003485
108105,20130927,1691.75,0,-0.004074
108105,20130930,1681.55,0,-0.000762
108105,20131001,1695,0,0.007999
108105,20131002,1693.87,0,-0.000667
108105,20131003,1678.66,0,-0.008979
108105,20131004,1690.5,0,0.007053
108105,20131007,1676.12,0,-0.008506
108105,20131008,1655.45,0,-0.012332
108105,20131009,1656.4,0,0.000574
108105,20131010,1692.56,0,0.021831
108105,20131011,1703.2,0,0.006286
108105,20131014,1710.14,0,0.004075
108105,20131015,1698.06,0,-0.007064
108105,20131016,1721.54,0,0.013828
108105,20131017,1733.15,0,0.006744
108105,20131018,1744.5,0,0.006549
108105,20131021,1744.66,0,0.000092
108105,20131022,1754.67,0,0.005738
108105,20131023,1746.38,0,-0.004725
108105,20131024,1752.07,0,0.003258
108105,20131025,1759.77,0,0.004395
108105,20131028,1762.11,0,0.00133
108105,20131029,1771.95,0,0.005584
108105,20131030,1763.31,0,-0.004876
108105,20131031,1756.54,0,-0.003839
108105,20131101,1761.64,0,0.002903
108105,20131104,1767.93,0,0.003571
108105,20131105,1762.97,0,-0.002806
108105,20131106,1770.49,0,0.004266
108105,20131107,1747.15,0,-0.013183
108105,20131108,1770.61,0,0.013428
108105,20131111,1771.89,0,0.000723
108105,20131112,1767.69,0,-0.00237
108105,20131113,1782,0,0.008095
108105,20131114,1790.62,0,0.004837
108105,20131115,1798.18,0,0.004222
108105,20131118,1791.53,0,-0.003698
108105,20131119,1787.87,0,-0.002043
108105,20131120,1781.37,0,-0.003636
108105,20131121,1795.85,0,0.008129
108105,20131122,1804.76,0,0.004961
108105,20131125,1802.48,0,-0.001263
108105,20131126,1802.75,0,0.00015
108105,20131127,1807.23,0,0.002485
108105,20131129,1805.81,0,-0.000786
108105,20131202,1800.9,0,-0.002719
108105,20131203,1795.15,0,-0.003193
108105,20131204,1792.81,0,-0.001303
108105,20131205,1785.03,0,-0.00434
108105,20131206,1805.09,0,0.011238
108105,20131209,1808.37,0,0.001817
108105,20131210,1802.62,0,-0.00318
108105,20131211,1782.22,0,-0.011317
108105,20131212,1775.5,0,-0.003771
108105,20131213,1775.32,0,-0.000101
108105,20131216,1786.54,0,0.00632
108105,20131217,1781,0,-0.003101
108105,20131218,1810.65,0,0.016648
108105,20131219,1809.6,0,-0.00058
108105,20131220,1818.32,0,0.004819
108105,20131223,1827.99,0,0.005318
108105,20131224,1833.32,0,0.002916
108105,20131226,1842.02,0,0.004746
108105,20131227,1841.4,0,-0.000337
108105,20131230,1841.07,0,-0.000179
108105,20131231,1848.36,0,0.009131
108105,20140102,1831.98,0,-0.008862
108105,20140103,1831.37,0,-0.000333
108105,20140106,1826.77,0,-0.002512
108105,20140107,1837.88,0,0.006082
108105,20140108,1837.49,0,-0.000212
108105,20140109,1838.13,0,0.000348
108105,20140110,1842.37,0,0.002307
108105,20140113,1819.2,0,-0.012576
108105,20140114,1838.88,0,0.010818
108105,20140115,1848.38,0,0.005166
108105,20140116,1845.89,0,-0.001347
108105,20140117,1838.7,0,-0.003895
108105,20140121,1843.8,0,0.002774
108105,20140122,1844.86,0,0.000575
108105,20140123,1828.46,0,-0.00889
108105,20140124,1790.29,0,-0.020875
108105,20140127,1781.56,0,-0.004876
108105,20140128,1792.5,0,0.006141
108105,20140129,1774.2,0,-0.010209
108105,20140130,1794.19,0,0.011267
108105,20140131,1782.59,0,-0.006465
108105,20140203,1741.89,0,-0.022832
108105,20140204,1755.2,0,0.007641
108105,20140205,1751.64,0,-0.002028
108105,20140206,1773.43,0,0.01244
108105,20140207,1797.02,0,0.013302
108105,20140210,1799.84,0,0.001569
108105,20140211,1819.75,0,0.011062
108105,20140212,1819.26,0,-0.000269
108105,20140213,1829.83,0,0.00581
108105,20140214,1838.63,0,0.004809
108105,20140218,1840.76,0,0.001158
108105,20140219,1828.75,0,-0.006524
108105,20140220,1839.78,0,0.006031
108105,20140221,1836.25,0,-0.001919
108105,20140224,1847.61,0,0.006187
108105,20140225,1845.12,0,-0.001348
108105,20140226,1845.16,0,0.000022
108105,20140227,1854.29,0,0.004948
108105,20140228,1859.45,0,0.002783
108105,20140303,1845.73,0,-0.007379
108105,20140304,1873.91,0,0.015268
108105,20140305,1873.81,0,-0.000053
108105,20140306,1877.03,0,0.001718
108105,20140307,1878.04,0,0.000538
108105,20140310,1877.17,0,-0.000463
108105,20140311,1867.63,0,-0.005082
108105,20140312,1868.2,0,0.000305
108105,20140313,1846.34,0,-0.011701
108105,20140314,1841.13,0,-0.002822
108105,20140317,1858.83,0,0.009614
108105,20140318,1872.25,0,0.00722
108105,20140319,1860.77,0,-0.006132
108105,20140320,1872.01,0,0.006041
108105,20140321,1866.52,0,-0.002933
108105,20140324,1857.44,0,-0.004865
108105,20140325,1865.62,0,0.004404
108105,20140326,1852.56,0,-0.007
108105,20140327,1849.04,0,-0.0019
108105,20140328,1857.62,0,0.00464
108105,20140331,1872.34,0,0.012871
108105,20140401,1885.52,0,0.007039
108105,20140402,1890.9,0,0.002853
108105,20140403,1888.77,0,-0.001126
108105,20140404,1865.09,0,-0.012537
108105,20140407,1845.04,0,-0.01075
108105,20140408,1851.96,0,0.003751
108105,20140409,1872.18,0,0.010918
108105,20140410,1833.08,0,-0.020885
108105,20140411,1815.69,0,-0.009487
108105,20140414,1830.61,0,0.008217
108105,20140415,1842.98,0,0.006757
108105,20140416,1862.31,0,0.010488
108105,20140417,1864.85,0,0.001364
108105,20140421,1871.89,0,0.003775
108105,20140422,1879.55,0,0.004092
108105,20140423,1875.39,0,-0.002213
108105,20140424,1878.61,0,0.001717
108105,20140425,1863.4,0,-0.008096
108105,20140428,1869.43,0,0.003236
108105,20140429,1878.33,0,0.004761
108105,20140430,1883.95,0,0.002992
108105,20140501,1883.68,0,-0.000143
108105,20140502,1881.14,0,-0.001348
108105,20140505,1884.66,0,0.001871
108105,20140506,1867.72,0,-0.008988
108105,20140507,1878.21,0,0.005616
108105,20140508,1875.63,0,-0.001374
108105,20140509,1878.48,0,0.001519
108105,20140512,1896.65,0,0.009673
108105,20140513,1897.45,0,0.000422
108105,20140514,1888.53,0,-0.004701
108105,20140515,1870.85,0,-0.009362
108105,20140516,1877.86,0,0.003747
108105,20140519,1885.08,0,0.003845
108105,20140520,1872.83,0,-0.006498
108105,20140521,1888.03,0,0.008116
108105,20140522,1892.49,0,0.002362
108105,20140523,1900.53,0,0.004248
108105,20140527,1911.91,0,0.005988
108105,20140528,1909.78,0,-0.001114
108105,20140529,1920.03,0,0.005367
108105,20140530,1923.57,0,0.001844
108105,20140602,1924.97,0,0.000728
108105,20140603,1924.24,0,-0.000379
108105,20140604,1927.88,0,0.001892
108105,20140605,1940.46,0,0.006525
108105,20140606,1949.44,0,0.004628
108105,20140609,1951.27,0,0.000939
108105,20140610,1950.79,0,-0.000246
108105,20140611,1943.89,0,-0.003537
108105,20140612,1930.11,0,-0.007089
108105,20140613,1936.16,0,0.003135
108105,20140616,1937.78,0,0.000837
108105,20140617,1941.99,0,0.002173
108105,20140618,1956.98,0,0.007719
108105,20140619,1959.48,0,0.001277
108105,20140620,1962.87,0,0.00173
108105,20140623,1962.61,0,-0.000132
108105,20140624,1949.98,0,-0.006435
108105,20140625,1959.53,0,0.004898
108105,20140626,1957.22,0,-0.001179
108105,20140627,1960.96,0,0.001911
108105,20140630,1960.23,0,0.004605
108105,20140701,1973.32,0,0.006678
108105,20140702,1974.62,0,0.000659
108105,20140703,1985.44,0,0.00548
108105,20140707,1977.65,0,-0.003924
108105,20140708,1963.71,0,-0.007049
108105,20140709,1972.83,0,0.004644
108105,20140710,1964.68,0,-0.004131
108105,20140711,1967.57,0,0.001471
108105,20140714,1977.1,0,0.004844
108105,20140715,1973.28,0,-0.001932
108105,20140716,1981.57,0,0.004201
108105,20140717,1958.12,0,-0.011834
108105,20140718,1978.22,0,0.010265
108105,20140721,1973.63,0,-0.00232
108105,20140722,1983.53,0,0.005016
108105,20140723,1987.01,0,0.001754
108105,20140724,1987.98,0,0.000488
108105,20140725,1978.34,0,-0.004849
108105,20140728,1978.91,0,0.000288
108105,20140729,1969.95,0,-0.004528
108105,20140730,1970.07,0,0.000061
108105,20140731,1930.67,0,-0.019999
108105,20140801,1925.15,0,-0.002859
108105,20140804,1938.99,0,0.007189
108105,20140805,1920.21,0,-0.009685
108105,20140806,1920.24,0,0.000016
108105,20140807,1909.57,0,-0.005557
108105,20140808,1931.59,0,0.011531
108105,20140811,1936.92,0,0.002759
108105,20140812,1933.75,0,-0.001637
108105,20140813,1946.72,0,0.006707
108105,20140814,1955.18,0,0.004346
108105,20140815,1955.06,0,-0.000061
108105,20140818,1971.74,0,0.008532
108105,20140819,1981.6,0,0.005001
108105,20140820,1986.51,0,0.002478
108105,20140821,1992.37,0,0.00295
108105,20140822,1988.4,0,-0.001993
108105,20140825,1997.92,0,0.004788
108105,20140826,2000.02,0,0.001051
108105,20140827,2000.12,0,0.00005
108105,20140828,1996.74,0,-0.00169
108105,20140829,2003.37,0,0.00332
108105,20140902,2002.28,0,-0.000544
108105,20140903,2000.72,0,-0.000779
108105,20140904,1997.65,0,-0.001534
108105,20140905,2007.71,0,0.005036
108105,20140908,2001.54,0,-0.003073
108105,20140909,1988.44,0,-0.006545
108105,20140910,1995.69,0,0.003646
108105,20140911,1997.45,0,0.000882
108105,20140912,1985.54,0,-0.005963
108105,20140915,1984.13,0,-0.00071
108105,20140916,1998.98,0,0.007484
108105,20140917,2001.57,0,0.001296
108105,20140918,2011.36,0,0.004891
108105,20140919,2010.4,0,-0.000477
108105,20140922,1994.29,0,-0.008013
108105,20140923,1982.77,0,-0.005777
108105,20140924,1998.3,0,0.007832
108105,20140925,1965.99,0,-0.016169
108105,20140926,1982.85,0,0.008576
108105,20140929,1977.8,0,-0.002547
108105,20140930,1972.29,0,0.00228
108105,20141001,1946.16,0,-0.013249
108105,20141002,1946.17,0,5E-6
108105,20141003,1967.9,0,0.011166
108105,20141006,1964.82,0,-0.001565
108105,20141007,1935.1,0,-0.015126
108105,20141008,1968.89,0,0.017462
108105,20141009,1928.21,0,-0.020661
108105,20141010,1906.13,0,-0.011451
108105,20141013,1874.74,0,-0.016468
108105,20141014,1877.7,0,0.001579
108105,20141015,1862.49,0,-0.0081
108105,20141016,1862.76,0,0.000145
108105,20141017,1886.76,0,0.012884
108105,20141020,1904.01,0,0.009143
108105,20141021,1941.28,0,0.019574
108105,20141022,1927.11,0,-0.007299
108105,20141023,1950.82,0,0.012303
108105,20141024,1964.58,0,0.007053
108105,20141027,1961.63,0,-0.001502
108105,20141028,1985.05,0,0.011939
108105,20141029,1982.3,0,-0.001385
108105,20141030,1994.65,0,0.00623
108105,20141031,2018.05,0,0.011731
108105,20141103,2017.81,0,-0.000119
108105,20141104,2012.1,0,-0.00283
108105,20141105,2023.57,0,0.0057
108105,20141106,2031.21,0,0.003776
108105,20141107,2031.92,0,0.00035
108105,20141110,2038.26,0,0.00312
108105,20141111,2039.68,0,0.000697
108105,20141112,2038.25,0,-0.000701
108105,20141113,2039.33,0,0.00053
108105,20141114,2039.82,0,0.00024
108105,20141117,2041.32,0,0.000735
108105,20141118,2051.8,0,0.005134
108105,20141119,2048.72,0,-0.001501
108105,20141120,2052.75,0,0.001967
108105,20141121,2063.5,0,0.005237
108105,20141124,2069.41,0,0.002864
108105,20141125,2067.03,0,-0.00115
108105,20141126,2072.83,0,0.002806
108105,20141128,2067.56,0,-0.002542
108105,20141201,2053.44,0,-0.006829
108105,20141202,2066.55,0,0.006384
108105,20141203,2074.33,0,0.003765
108105,20141204,2071.92,0,-0.001162
108105,20141205,2075.37,0,0.001665
108105,20141208,2060.31,0,-0.007257
108105,20141209,2059.82,0,-0.000238
108105,20141210,2026.14,0,-0.016351
108105,20141211,2035.33,0,0.004536
108105,20141212,2002.33,0,-0.016214
108105,20141215,1989.63,0,-0.006343
108105,20141216,1972.74,0,-0.008489
108105,20141217,2012.89,0,0.020352
108105,20141218,2061.23,0,0.024015
108105,20141219,2070.65,0,0.00457
108105,20141222,2078.54,0,0.00381
108105,20141223,2082.17,0,0.001746
108105,20141224,2081.88,0,-0.000139
108105,20141226,2088.77,0,0.00331
108105,20141229,2090.57,0,0.000862
108105,20141230,2080.35,0,-0.004889
108105,20141231,2058.9,0,-0.005278
108105,20150102,2058.2,0,-0.00034
108105,20150105,2020.58,0,-0.018278
108105,20150106,2002.61,0,-0.008893
108105,20150107,2025.9,0,0.01163
108105,20150108,2062.14,0,0.017888
108105,20150109,2044.81,0,-0.008404
108105,20150112,2028.26,0,-0.008094
108105,20150113,2023.03,0,-0.002579
108105,20150114,2011.27,0,-0.005813
108105,20150115,1992.67,0,-0.009248
108105,20150116,2019.42,0,0.013424
108105,20150120,2022.55,0,0.00155
108105,20150121,2032.12,0,0.004732
108105,20150122,2063.15,0,0.01527
108105,20150123,2051.82,0,-0.005492
108105,20150126,2057.09,0,0.002568
108105,20150127,2029.55,0,-0.013388
108105,20150128,2002.16,0,-0.013496
108105,20150129,2021.25,0,0.009535
108105,20150130,1994.99,0,-0.012992
108105,20150202,2020.85,0,0.012962
108105,20150203,2050.03,0,0.01444
108105,20150204,2041.51,0,-0.004156
108105,20150205,2062.52,0,0.010291
108105,20150206,2055.47,0,-0.003418
108105,20150209,2046.74,0,-0.004247
108105,20150210,2068.59,0,0.010676
108105,20150211,2068.53,0,-0.000029
108105,20150212,2088.48,0,0.009645
108105,20150213,2096.99,0,0.004075
108105,20150217,2100.34,0,0.001598
108105,20150218,2099.68,0,-0.000314
108105,20150219,2097.45,0,-0.001062
108105,20150220,2110.3,0,0.006127
108105,20150223,2109.66,0,-0.000303
108105,20150224,2115.48,0,0.002759
108105,20150225,2113.86,0,-0.000766
108105,20150226,2110.74,0,-0.001476
108105,20150227,2104.5,0,-0.002956
108105,20150302,2117.39,0,0.006125
108105,20150303,2107.78,0,-0.004539
108105,20150304,2098.53,0,-0.004389
108105,20150305,2101.04,0,0.001196
108105,20150306,2071.26,0,-0.014174
108105,20150309,2079.43,0,0.003944
108105,20150310,2044.16,0,-0.016961
108105,20150311,2040.24,0,-0.001918
108105,20150312,2065.95,0,0.012601
108105,20150313,2053.4,0,-0.006075
108105,20150316,2081.19,0,0.013534
108105,20150317,2074.28,0,-0.00332
108105,20150318,2099.5,0,0.012158
108105,20150319,2089.27,0,-0.004873
108105,20150320,2108.1,0,0.009013
108105,20150323,2104.42,0,-0.001746
108105,20150324,2091.5,0,-0.006139
108105,20150325,2061.05,0,-0.014559
108105,20150326,2056.15,0,-0.002378
108105,20150327,2061.02,0,0.002369
108105,20150330,2086.24,0,0.012237
108105,20150331,2067.89,0,-0.003739
108105,20150401,2059.69,0,-0.003965
108105,20150402,2066.96,0,0.00353
108105,20150406,2080.62,0,0.006609
108105,20150407,2076.33,0,-0.002062
108105,20150408,2081.9,0,0.002683
108105,20150409,2091.18,0,0.004457
108105,20150410,2102.06,0,0.005203
108105,20150413,2092.43,0,-0.004581
108105,20150414,2095.84,0,0.00163
108105,20150415,2106.63,0,0.005148
108105,20150416,2104.99,0,-0.000778
108105,20150417,2081.18,0,-0.011311
108105,20150420,2100.4,0,0.009235
108105,20150421,2097.29,0,-0.001481
108105,20150422,2107.96,0,0.005087
108105,20150423,2112.93,0,0.002358
108105,20150424,2117.69,0,0.002253
108105,20150427,2108.92,0,-0.004141
108105,20150428,2114.76,0,0.002769
108105,20150429,2106.85,0,-0.00374
108105,20150430,2085.51,0,-0.010129
108105,20150501,2108.29,0,0.010923
108105,20150504,2114.49,0,0.002941
108105,20150505,2089.46,0,-0.011837
108105,20150506,2080.15,0,-0.004456
108105,20150507,2088,0,0.003774
108105,20150508,2116.1,0,0.013458
108105,20150511,2105.33,0,-0.00509
108105,20150512,2099.12,0,-0.00295
108105,20150513,2098.48,0,-0.000305
108105,20150514,2121.1,0,0.010779
108105,20150515,2122.73,0,0.000768
108105,20150518,2129.2,0,0.003048
108105,20150519,2127.83,0,-0.000643
108105,20150520,2125.85,0,-0.000931
108105,20150521,2130.82,0,0.002338
108105,20150522,2126.06,0,-0.002234
108105,20150526,2104.2,0,-0.010282
108105,20150527,2123.48,0,0.009163
108105,20150528,2120.79,0,-0.001267
108105,20150529,2107.39,0,-0.006318
108105,20150601,2111.73,0,0.002059
108105,20150602,2109.6,0,-0.001009
108105,20150603,2114.07,0,0.002119
108105,20150604,2095.84,0,-0.008623
108105,20150605,2092.83,0,-0.001436
108105,20150608,2079.28,0,-0.006475
108105,20150609,2080.15,0,0.000418
108105,20150610,2105.2,0,0.012042
108105,20150611,2108.86,0,0.001739
108105,20150612,2094.11,0,-0.006994
108105,20150615,2084.43,0,-0.004623
108105,20150616,2096.29,0,0.00569
108105,20150617,2100.44,0,0.00198
108105,20150618,2121.24,0,0.009903
108105,20150619,2109.99,0,-0.005304
108105,20150622,2122.85,0,0.006095
108105,20150623,2124.2,0,0.000636
108105,20150624,2108.58,0,-0.007353
108105,20150625,2102.31,0,-0.002974
108105,20150626,2101.49,0,-0.00039
108105,20150629,2057.64,0,-0.020866
108105,20150630,2063.11,0,0.007859
108105,20150701,2077.42,0,0.006936
108105,20150702,2076.78,0,-0.000308
108105,20150706,2068.76,0,-0.003862
108105,20150707,2081.34,0,0.006081
108105,20150708,2046.68,0,-0.016653
108105,20150709,2051.31,0,0.002262
108105,20150710,2076.62,0,0.012338
108105,20150713,2099.6,0,0.011066
108105,20150714,2108.95,0,0.004453
108105,20150715,2107.4,0,-0.000735
108105,20150716,2124.29,0,0.008015
108105,20150717,2126.64,0,0.001106
108105,20150720,2128.28,0,0.000771
108105,20150721,2119.21,0,-0.004262
108105,20150722,2114.15,0,-0.002388
108105,20150723,2102.15,0,-0.005676
108105,20150724,2079.65,0,-0.010703
108105,20150727,2067.64,0,-0.005775
108105,20150728,2093.25,0,0.012386
108105,20150729,2108.57,0,0.007319
108105,20150730,2108.63,0,0.000028
108105,20150731,2103.84,0,-0.002272
108105,20150803,2098.04,0,-0.002757
108105,20150804,2093.32,0,-0.00225
108105,20150805,2099.84,0,0.003115
108105,20150806,2083.56,0,-0.007753
108105,20150807,2077.57,0,-0.002875
108105,20150810,2104.18,0,0.012808
108105,20150811,2084.07,0,-0.009557
108105,20150812,2086.05,0,0.00095
108105,20150813,2083.39,0,-0.001275
108105,20150814,2091.54,0,0.003912
108105,20150817,2102.44,0,0.005211
108105,20150818,2096.92,0,-0.002626
108105,20150819,2079.61,0,-0.008255
108105,20150820,2035.73,0,-0.0211
108105,20150821,1970.89,0,-0.031851
108105,20150824,1893.21,0,-0.039414
108105,20150825,1867.61,0,-0.013522
108105,20150826,1940.51,0,0.039034
108105,20150827,1987.66,0,0.024298
108105,20150828,1988.87,0,0.000609
108105,20150831,1972.18,0,-0.008392
108105,20150901,1913.85,0,-0.029576
108105,20150902,1948.86,0,0.018293
108105,20150903,1951.13,0,0.001165
108105,20150904,1921.22,0,-0.01533
108105,20150908,1969.41,0,0.025083
108105,20150909,1942.04,0,-0.013898
108105,20150910,1952.29,0,0.005278
108105,20150911,1961.05,0,0.004487
108105,20150914,1953.03,0,-0.00409
108105,20150915,1978.09,0,0.012831
108105,20150916,1995.31,0,0.008705
108105,20150917,1990.2,0,-0.002561
108105,20150918,1958.03,0,-0.016164
108105,20150921,1966.97,0,0.004566
108105,20150922,1942.74,0,-0.012318
108105,20150923,1938.76,0,-0.002049
108105,20150924,1932.24,0,-0.003363
108105,20150925,1931.34,0,-0.000466
108105,20150928,1881.77,0,-0.025666
108105,20150929,1884.09,0,0.001233
108105,20150930,1920.03,0,0.024802
108105,20151001,1923.82,0,0.001974
108105,20151002,1951.36,0,0.014315
108105,20151005,1987.05,0,0.01829
108105,20151006,1979.92,0,-0.003588
108105,20151007,1995.83,0,0.008036
108105,20151008,2013.43,0,0.008818
108105,20151009,2014.89,0,0.000725
108105,20151012,2017.46,0,0.001275
108105,20151013,2003.69,0,-0.006825
108105,20151014,1994.24,0,-0.004716
108105,20151015,2023.86,0,0.014853
108105,20151016,2033.11,0,0.00457
108105,20151019,2033.66,0,0.000271
108105,20151020,2030.77,0,-0.001421
108105,20151021,2018.94,0,-0.005825
108105,20151022,2052.51,0,0.016628
108105,20151023,2075.15,0,0.01103
108105,20151026,2071.18,0,-0.001913
108105,20151027,2065.89,0,-0.002554
108105,20151028,2090.35,0,0.01184
108105,20151029,2089.41,0,-0.00045
108105,20151030,2079.36,0,-0.00481
108105,20151102,2104.05,0,0.011874
108105,20151103,2109.79,0,0.002728
108105,20151104,2102.31,0,-0.003545
108105,20151105,2099.93,0,-0.001132
108105,20151106,2099.2,0,-0.000348
108105,20151109,2078.58,0,-0.009823
108105,20151110,2081.72,0,0.001511
108105,20151111,2075,0,-0.003228
108105,20151112,2045.97,0,-0.01399
108105,20151113,2023.04,0,-0.011207
108105,20151116,2053.19,0,0.014903
108105,20151117,2050.44,0,-0.001339
108105,20151118,2083.58,0,0.016162
108105,20151119,2081.24,0,-0.001123
108105,20151120,2089.17,0,0.00381
108105,20151123,2086.59,0,-0.001235
108105,20151124,2089.14,0,0.001222
108105,20151125,2088.87,0,-0.000129
108105,20151127,2090.11,0,0.000594
108105,20151130,2080.41,0,-0.004641
108105,20151201,2102.63,0,0.010681
108105,20151202,2079.51,0,-0.010996
108105,20151203,2049.62,0,-0.014374
108105,20151204,2091.69,0,0.020526
108105,20151207,2077.07,0,-0.00699
108105,20151208,2063.59,0,-0.00649
108105,20151209,2047.62,0,-0.007739
108105,20151210,2052.23,0,0.002251
108105,20151211,2012.37,0,-0.019423
108105,20151214,2021.94,0,0.004756
108105,20151215,2043.41,0,0.010619
108105,20151216,2073.07,0,0.014515
108105,20151217,2041.89,0,-0.015041
108105,20151218,2005.55,0,-0.017797
108105,20151221,2021.15,0,0.007778
108105,20151222,2038.97,0,0.008817
108105,20151223,2064.29,0,0.012418
108105,20151224,2060.99,0,-0.001599
108105,20151228,2056.5,0,-0.002179
108105,20151229,2078.36,0,0.01063
108105,20151230,2063.36,0,-0.007217
108105,20151231,2043.94,0,-0.003911
108105,20160104,2012.66,0,-0.015304
108105,20160105,2016.71,0,0.002012
108105,20160106,1990.26,0,-0.013115
108105,20160107,1943.09,0,-0.0237
108105,20160108,1922.03,0,-0.010838
108105,20160111,1923.67,0,0.000853
108105,20160112,1938.68,0,0.007803
108105,20160113,1890.28,0,-0.024965
108105,20160114,1921.84,0,0.016696
108105,20160115,1880.33,0,-0.021599
108105,20160119,1881.33,0,0.000532
108105,20160120,1859.33,0,-0.011694
108105,20160121,1868.99,0,0.005195
108105,20160122,1906.9,0,0.020284
108105,20160125,1877.08,0,-0.015638
108105,20160126,1903.63,0,0.014144
108105,20160127,1882.95,0,-0.010863
108105,20160128,1893.36,0,0.005529
108105,20160129,1940.24,0,0.02476
108105,20160201,1939.38,0,-0.000443
108105,20160202,1903.03,0,-0.018743
108105,20160203,1912.53,0,0.004992
108105,20160204,1915.45,0,0.001527
108105,20160205,1880.05,0,-0.018481
108105,20160208,1853.44,0,-0.014154
108105,20160209,1852.21,0,-0.000664
108105,20160210,1851.86,0,-0.000189
108105,20160211,1829.08,0,-0.012301
108105,20160212,1864.78,0,0.019518
108105,20160216,1895.58,0,0.016517
108105,20160217,1926.82,0,0.01648
108105,20160218,1917.83,0,-0.004666
108105,20160219,1917.78,0,-0.000026
108105,20160222,1945.5,0,0.014454
108105,20160223,1921.27,0,-0.012454
108105,20160224,1929.8,0,0.00444
108105,20160225,1951.7,0,0.011348
108105,20160226,1948.05,0,-0.00187
108105,20160229,1932.23,0,-0.008121
108105,20160301,1978.35,0,0.023869
108105,20160302,1986.45,0,0.004094
108105,20160303,1993.4,0,0.003499
108105,20160304,1999.99,0,0.003306
108105,20160307,2001.76,0,0.000885
108105,20160308,1979.26,0,-0.01124
108105,20160309,1989.26,0,0.005052
108105,20160310,1989.57,0,0.000156
108105,20160311,2022.19,0,0.016396
108105,20160314,2019.64,0,-0.001261
108105,20160315,2015.93,0,-0.001837
108105,20160316,2027.22,0,0.0056
108105,20160317,2040.59,0,0.006595
108105,20160318,2049.58,0,0.004406
108105,20160321,2051.6,0,0.000986
108105,20160322,2049.8,0,-0.000877
108105,20160323,2036.71,0,-0.006386
108105,20160324,2035.94,0,-0.000378
108105,20160328,2037.05,0,0.000545
108105,20160329,2055.01,0,0.008817
108105,20160330,2063.95,0,0.00435
108105,20160331,2059.74,0,0.003309
108105,20160401,2072.78,0,0.006331
108105,20160404,2066.13,0,-0.003208
108105,20160405,2045.17,0,-0.010144
108105,20160406,2066.66,0,0.010508
108105,20160407,2041.91,0,-0.011976
108105,20160408,2047.6,0,0.002787
108105,20160411,2041.99,0,-0.00274
108105,20160412,2061.72,0,0.009662
108105,20160413,2082.42,0,0.01004
108105,20160414,2082.78,0,0.000173
108105,20160415,2080.73,0,-0.000984
108105,20160418,2094.34,0,0.006541
108105,20160419,2100.8,0,0.003084
108105,20160420,2102.4,0,0.000762
108105,20160421,2091.48,0,-0.005194
108105,20160422,2091.58,0,0.000048
108105,20160425,2087.79,0,-0.001812
108105,20160426,2091.7,0,0.001873
108105,20160427,2095.15,0,0.001649
108105,20160428,2075.81,0,-0.009231
108105,20160429,2065.3,0,-0.005063
